Gender,Race,Weight,Height,GPA,cluster
Female,Caucasian,104,58,3.77,1
Female,Caucasian,105,58,3.16,1
Female,Caucasian,100,58,3.1,1
Female,Caucasian,98,58,2.93,1
Female,Caucasian,96,58,2.85,1
Female,Caucasian,95,58,3.16,1
Female,Caucasian,95,58,3.6,1
Female,Hispanic,125,59,2.3,2
Female,Caucasian,115,59,2.5,2
Female,Caucasian,110,59,2.7,2
Female,Caucasian,125,60,3.22,2
Female,Asian,120,60,3.06,2
Female,Caucasian,120,60,3.2,2
Female,Caucasian,120,60,2.15,2
Female,Caucasian,116,60,3.02,2
Female,Caucasian,100,60,3.19,2
Male,Caucasian,150,60,3.05,2
Male,Hispanic,150,60,3.2,2
Male,Caucasian,145,60,3.68,2
Female,Caucasian,125,60,3,2
Female,Caucasian,125,60,2.88,2
Female,Caucasian,124,60,3.05,2
Female,Caucasian,120,60,3.16,2
Female,AfrAmer/Black,117,60,1.67,2
Female,Caucasian,115,60,3.4,2
Female,Caucasian,110,60,2.15,2
Female,Asian,100,60,3.05,2
Female,Caucasian,90,60,2.17,2
Female,Caucasian,126,60,3.12,2
Female,Hispanic,140,60,3.22,2
Female,Hispanic,125,60,3,2
Female,Caucasian,120,60,2.3,2
Female,Caucasian,118,60,3.4,2
Female,Caucasian,115,60,3.74,2
Female,Caucasian,110,60,3.68,2
Female,Asian,110,60,3.23,2
Female,Other,115,60,2,2
Female,Asian,98,60,3.04,2
Male,Caucasian,125,60.5,4,2
Female,Asian,145,61,2.8,3
Female,Caucasian,125,61,2.8,3
Female,Caucasian,120,61,3.83,3
Female,Caucasian,115,61,3.3,3
Female,AfrAmer/Black,110,61,2.03,3
Female,Caucasian,103,61,3.74,3
Female,Caucasian,140,61,2.74,3
Female,Caucasian,130,61,3.45,3
Female,Caucasian,125,61,2.43,3
Female,Caucasian,115,61,2.67,3
Female,Caucasian,115,61,3.3,3
Female,Caucasian,109,61,2.81,3
Female,Caucasian,106,61,2.4,3
Female,Caucasian,105,61,3.2,3
Female,Caucasian,129,61,2.58,3
Female,Caucasian,135,61,3.07,3
Female,Caucasian,127,61,3.06,3
Female,Caucasian,120,61,3.08,3
Female,Caucasian,115,61,2.6,3
Female,Other,115,61,2.13,3
Female,Caucasian,110,61,3,3
Female,Caucasian,105,61,2.7,3
Female,Asian,98,61,3.07,3
Female,Caucasian,96,61,2.73,3
Female,Asian,122,61,3.06,3
Female,Caucasian,130,61,3,3
Female,Caucasian,140,61,2.8,3
Female,Caucasian,132,61,2.87,3
Female,AfrAmer/Black,125,61,3.16,3
Female,Caucasian,120,61,2.28,3
Female,Caucasian,120,61,3,3
Female,Caucasian,110,61,3.2,3
Female,Caucasian,110,61,2.98,3
Female,Caucasian,105,61,3.22,3
Female,Caucasian,110,61,2.8,3
Female,Caucasian,108,61,2.91,3
Female,Other,105,61,3.08,3
Female,Caucasian,100,61,3.04,3
Female,Caucasian,112,61.5,3.25,4
Female,Caucasian,140,62,3.07,4
Female,Other,145,62,3.15,4
Female,Caucasian,135,62,3.06,5
Female,Caucasian,115,62,2.8,5
Female,Caucasian,115,62,2.04,6
Female,Caucasian,145,62,3.18,6
Female,Caucasian,140,62,2.89,7
Female,Caucasian,135,62,3.3,7
Female,Caucasian,125,62,3.05,8
Female,Caucasian,125,62,3.17,8
Female,Caucasian,125,62,3.46,8
Female,Caucasian,125,62,3.18,9
Female,Caucasian,125,62,3.1,9
Female,Caucasian,125,62,2.7,9
Female,Caucasian,118,62,3.45,10
Female,Caucasian,140,62,3,10
Female,Caucasian,140,62,2.47,11
Female,AfrAmer/Black,140,62,2,11
Female,Caucasian,130,62,2.96,11
Female,Caucasian,128,62,3.3,11
Female,Caucasian,120,62,2.6,11
Female,Caucasian,110,62,3.8,11
Female,Asian,110,62,2.6,11
Female,Caucasian,109,62,2.9,11
Female,Caucasian,100,62,3.4,11
Female,Caucasian,138,62,2.63,11
Female,Caucasian,135,62,2.95,11
Female,Hispanic,128,62,3.81,11
Female,Caucasian,125,62,3.3,11
Female,Caucasian,124,62,2.95,12
Female,Caucasian,120,62,2.4,12
Female,Caucasian,115,62,3,12
Female,Caucasian,110,62,3.11,12
Female,AfrAmer/Black,110,62,2.33,12
Female,Caucasian,108,62,2.5,12
Female,Caucasian,140,62,3.18,13
Female,Caucasian,135,62,3,13
Female,Caucasian,130,62,2.43,13
Female,Hispanic,130,62,3.07,13
Female,Caucasian,119,62,2.71,13
Female,Caucasian,113,62,3.8,13
Female,Caucasian,110,62,3.64,13
Female,Caucasian,105,62,3.1,13
Female,Caucasian,140,62,3.19,13
Female,Caucasian,140,62,3,13
Female,Caucasian,132,62,3.61,13
Female,Asian,132,62,3.24,13
Female,Caucasian,130,62,3.67,14
Female,Caucasian,130,62,2.64,14
Female,Caucasian,130,62,3.1,14
Female,Caucasian,118,62,2.7,14
Female,Caucasian,110,62,3.7,14
Male,Caucasian,135,62,3.52,14
Female,Caucasian,128,62,3.3,15
Female,Caucasian,127,62,3.65,15
Female,Caucasian,127,62,3.4,15
Female,Caucasian,125,62,3.32,15
Female,Caucasian,125,62,3.3,15
Female,Caucasian,116,62,3.7,15
Female,Caucasian,116,62,3.43,15
Female,Caucasian,100,62,3.13,15
Male,Asian,140,62,3.3,15
Female,Caucasian,148,62,3.6,15
Female,Caucasian,155,62,3.3,15
Female,Caucasian,135,62,3.12,15
Female,Caucasian,130,62,3.7,16
Female,Caucasian,127,62,2.6,16
Female,Asian,115,62,3,16
Female,Caucasian,112,62,3.2,16
Female,Caucasian,109,62,3.36,16
Female,Asian,105,62,3.4,16
Female,Caucasian,105,62,2.73,16
Female,Caucasian,140,62,2.5,17
Female,Caucasian,127,62,2.71,17
Female,Caucasian,134,62.5,3.2,17
Female,Caucasian,150,63,2.87,17
Female,Caucasian,140,63,3.22,17
Female,Caucasian,139,63,2.7,17
Female,Caucasian,135,63,3.17,17
Female,Caucasian,125,63,2.12,17
Female,Caucasian,120,63,3.64,17
Female,Hispanic,110,63,3.02,17
Female,Caucasian,160,63,3.42,17
Female,Caucasian,150,63,2.57,17
Female,Caucasian,140,63,2.6,17
Female,Caucasian,125,63,3.67,18
Female,Caucasian,125,63,3.2,18
Female,Caucasian,124,63,3.1,18
Female,Caucasian,110,63,3.75,18
Female,Caucasian,110,63,3.7,18
Female,Caucasian,110,63,3.29,18
Male,Caucasian,165,63,3.93,18
Female,Caucasian,150,63,3.3,19
Female,Caucasian,150,63,3.27,19
Female,Caucasian,140,63,3.53,19
Female,Caucasian,130,63,3.7,19
Female,Caucasian,118,63,3.36,19
Female,Caucasian,114,63,3.78,19
Female,Caucasian,113,63,3.21,19
Female,Caucasian,107,63,3.53,19
Female,Caucasian,110,63,3.83,19
Female,Caucasian,140,63,3.7,19
Female,Caucasian,140,63,3.4,19
Female,Caucasian,140,63,3.3,19
Female,Caucasian,140,63,2.77,20
Female,Hispanic,130,63,2.8,20
Female,Caucasian,121,63,3.12,20
Female,Caucasian,120,63,2.3,20
Female,Caucasian,112,63,3.67,20
Female,Caucasian,126,63,3.91,20
Female,Caucasian,136,63,3.43,20
Female,Caucasian,150,63,3,21
Female,Caucasian,140,63,3.5,21
Female,Caucasian,128,63,3.75,21
Female,Caucasian,123,63,3.3,21
Female,Caucasian,120,63,3.59,21
Female,Caucasian,119,63,3.84,21
Female,Caucasian,115,63,3.85,21
Female,Caucasian,115,63,3.38,21
Female,Caucasian,107,63,3.7,21
Female,Other,155,63,2.09,21
Female,Caucasian,160,63,3.25,21
Female,Caucasian,155,63,3.21,21
Female,Caucasian,145,63,3.67,21
Female,Caucasian,140,63,3.95,21
Female,Caucasian,130,63,3.85,22
Female,Caucasian,130,63,3.52,22
Female,Caucasian,130,63,2.4,22
Female,Caucasian,120,63,3.23,22
Female,Caucasian,145,63,3.22,22
Female,Caucasian,150,63,3.41,23
Female,Caucasian,140,63,3.04,23
Female,AfrAmer/Black,135,63,2.98,23
Female,Caucasian,135,63,2.75,23
Female,Other,130,63,3,23
Female,Caucasian,125,63,3.64,23
Female,Caucasian,125,63,2.97,23
Female,Caucasian,120,63,3.26,23
Female,Asian,115,63,2.4,23
Male,Hispanic,130,63,2.3,23
Female,Caucasian,160,63,3.01,23
Female,Caucasian,160,63,2.3,23
Female,AfrAmer/Black,154,63,2.8,23
Female,Caucasian,145,63,3.54,23
Female,Caucasian,130,63,2.62,23
Female,Caucasian,127,63,3.2,24
Female,Caucasian,125,63,2.67,24
Female,Caucasian,115,63,3.8,24
Female,Caucasian,115,63,3.5,24
Female,Asian,109,63,3.5,24
Female,AfrAmer/Black,180,63,2.6,25
Female,Caucasian,156,63,3.86,25
Female,Hispanic,132,63,2.7,25
Female,Caucasian,130,63,3.9,25
Female,Asian,125,63,3,25
Female,Asian,121,63,3.24,25
Female,Caucasian,119,63,2.9,25
Female,Caucasian,115,63,3.94,25
Female,Caucasian,111,63,3.44,25
Female,Caucasian,107,63,3.78,25
Female,Caucasian,140,63,3.57,26
Female,Caucasian,140,63,3.66,26
Female,Hispanic,140,63,2.77,26
Female,Caucasian,125,63,3.44,26
Female,Caucasian,123,63,3.84,26
Female,Caucasian,115,63,3.1,26
Female,Caucasian,110,63,3.2,26
Female,Caucasian,105,63,4,26
Female,Caucasian,150,63,3.87,27
Female,Caucasian,150,63,3.47,27
Female,Caucasian,130,63,3.63,27
Female,Caucasian,125,63,3.5,27
Female,Caucasian,125,63,2.44,27
Female,Hispanic,122,63,3.4,27
Female,Hispanic,121,63,3.38,27
Female,Caucasian,117,63,3.87,27
Female,Caucasian,115,63,2.5,27
Female,Caucasian,125,63.5,2.92,27
Female,Caucasian,157,64,2.5,27
Female,Caucasian,140,64,2.8,27
Female,Caucasian,135,64,3.1,27
Female,Caucasian,135,64,3,27
Female,Caucasian,132,64,3.33,28
Female,Caucasian,130,64,3.8,28
Female,Caucasian,125,64,3.2,28
Female,Caucasian,123,64,3.7,28
Female,Caucasian,148,64,2.87,29
Female,Caucasian,147,64,3.2,29
Female,Caucasian,150,64,3.9,29
Female,Caucasian,143,64,3.4,29
Female,Caucasian,135,64,2.78,29
Female,Caucasian,131,64,3.5,29
Female,Caucasian,130,64,3.4,29
Female,Caucasian,130,64,3.1,29
Female,Caucasian,123,64,3.6,29
Male,Asian,168,64,2,29
Female,Caucasian,156,64,3.7,30
Female,Caucasian,133,64,3.49,30
Female,Caucasian,124,64,3.8,30
Female,Caucasian,120,64,3.4,30
Female,Caucasian,118,64,2.98,30
Female,Caucasian,117,64,3.7,30
Female,AfrAmer/Black,113,64,3.87,30
Female,Caucasian,112,64,3.93,30
Female,Caucasian,130,64,2.15,30
Female,Caucasian,140,64,2.45,30
Female,Caucasian,137,64,3.5,30
Female,Caucasian,130,64,3.6,30
Female,AfrAmer/Black,130,64,3.25,30
Female,Other,123,64,2.8,31
Female,Caucasian,120,64,3.7,31
Female,Caucasian,118,64,3.8,31
Female,Caucasian,117,64,2.83,31
Female,Caucasian,116,64,3.4,31
Male,Caucasian,130,64,3,31
Female,Caucasian,175,64,3.17,32
Female,Caucasian,140,64,3.58,32
Female,Caucasian,125,64,3.66,32
Female,Caucasian,125,64,3.3,32
Female,Caucasian,124,64,3.92,32
Female,Other,120,64,3.1,32
Female,Asian,120,64,3.04,32
Female,Caucasian,115,64,3.26,32
Male,Caucasian,156,64,2.8,32
Male,Caucasian,120,64,3.33,32
Female,Caucasian,175,64,3,32
Female,Other,150,64,3.6,32
Female,Caucasian,140,64,2.7,32
Female,Caucasian,136,64,2,32
Female,Caucasian,135,64,3.05,33
Female,Caucasian,135,64,2.85,33
Female,Caucasian,128,64,3.49,33
Female,Caucasian,106,64,3.77,33
Female,Asian,121,64,3.29,33
Male,Caucasian,150,64,2.92,33
Female,Caucasian,165,64,3.2,34
Female,Caucasian,165,64,3.08,34
Female,Caucasian,150,64,3.76,34
Female,Caucasian,140,64,4,34
Female,Caucasian,140,64,3.4,34
Female,AfrAmer/Black,138,64,3.33,34
Female,Caucasian,128,64,3.98,34
Female,Caucasian,120,64,3.2,34
Female,Caucasian,118,64,3.88,34
Female,Caucasian,115,64,2.59,34
Female,Other,150,64,3.03,34
Female,Caucasian,152,64,2.87,34
Female,Caucasian,155,64,3.5,34
Female,Caucasian,150,64,3.3,34
Female,Caucasian,148,64,3.69,35
Female,Caucasian,140,64,2.81,35
Female,AfrAmer/Black,135,64,3.33,35
Female,Asian,130,64,3.53,35
Female,Caucasian,120,64,3.12,35
Female,Caucasian,112,64,3.2,35
Female,Caucasian,170,64,2.95,36
Female,Other,150,64,3.7,36
Female,Caucasian,150,64,3.38,36
Female,Caucasian,140,64,3.91,36
Female,Caucasian,135,64,3.4,36
Female,AfrAmer/Black,128,64,3.2,36
Female,Caucasian,125,64,3.23,36
Female,Caucasian,123,64,3.17,36
Female,Caucasian,122,64,3.26,36
Male,Caucasian,155,64,2.57,36
Female,Caucasian,150,64,3.3,36
Female,Caucasian,140,64,3.83,36
Female,Other,136,64,3.37,36
Female,Caucasian,132,64,2.75,36
Female,Caucasian,116,64,2.36,37
Female,Caucasian,115,64,3.4,37
Female,Other,115,64,2.9,37
Female,Caucasian,138,64,3.81,37
Female,Caucasian,125,64,3.75,37
Male,Caucasian,123,64,3.09,37
Female,Caucasian,160,64,3.81,38
Female,Caucasian,150,64,3.3,38
Female,Caucasian,140,64,3.87,38
Female,Caucasian,130,64,3.6,38
Female,Caucasian,128,64,3,38
Female,Caucasian,120,64,3.86,38
Female,Caucasian,115,64,3,38
Female,Asian,130,64,3.35,38
Female,Caucasian,155,64,2.77,38
Female,Caucasian,140,64,2.53,38
Female,Caucasian,136,64,3.47,38
Female,Caucasian,120,64,3.37,38
Female,Caucasian,118,64,3.3,39
Female,Caucasian,147,64.5,3.38,39
Female,Caucasian,125,64.5,3.5,39
Female,Asian,124,64.5,2.52,39
Female,Caucasian,138,64.5,3.62,39
Female,Asian,120,64.8,2.12,40
Female,Caucasian,200,65,3.87,40
Female,AfrAmer/Black,160,65,2.36,40
Female,Caucasian,150,65,3.4,40
Female,Caucasian,135,65,2.04,40
Female,Caucasian,135,65,2.5,40
Female,Caucasian,130,65,2.98,40
Female,Caucasian,130,65,2.82,40
Female,Caucasian,117,65,2.08,40
Male,Asian,170,65,3.87,40
Female,Caucasian,168,65,3.09,40
Female,Caucasian,142,65,2.52,40
Female,Caucasian,140,65,3.04,40
Female,AfrAmer/Black,140,65,2.35,40
Female,Caucasian,135,65,3.2,41
Female,Caucasian,135,65,3.11,41
Female,Caucasian,133,65,3.39,41
Female,Caucasian,125,65,3,41
Female,Caucasian,122,65,2.34,41
Female,Caucasian,135,65,3.49,41
Female,Caucasian,135,65,3.03,42
Female,Other,133,65,3.03,42
Female,Caucasian,125,65,3.04,42
Female,Caucasian,125,65,3.05,42
Female,Caucasian,118,65,3.32,42
Female,Caucasian,115,65,3.4,42
Female,AfrAmer/Black,140,65,2.88,42
Female,Caucasian,130,65,3.75,42
Male,Caucasian,178,65,3.15,42
Male,Caucasian,140,65,3,42
Female,Caucasian,150,65,3.22,42
Female,Caucasian,150,65,2.9,42
Female,Caucasian,139,65,3.7,42
Female,Hispanic,130,65,2.2,42
Female,Caucasian,128,65,3.36,43
Female,Caucasian,125,65,2.08,43
Female,Caucasian,125,65,2.35,43
Female,Caucasian,120,65,2.5,43
Female,Caucasian,117,65,3,43
Female,Caucasian,115,65,2.33,43
Female,Caucasian,160,65,3.33,44
Female,Caucasian,155,65,2.73,44
Female,Caucasian,150,65,2.93,44
Female,Caucasian,143,65,2.03,44
Female,Caucasian,136,65,3.3,44
Female,Caucasian,135,65,3.12,44
Female,Caucasian,125,65,2.05,44
Female,Caucasian,115,65,3.23,44
Female,Caucasian,130,65,2.89,44
Male,Asian,170,65,2.73,44
Female,Caucasian,150,65,3.16,44
Female,Caucasian,180,65,2.41,44
Female,Caucasian,150,65,3,44
Female,Caucasian,132,65,3.7,44
Female,Caucasian,130,65,3.53,45
Female,Caucasian,130,65,3.46,45
Female,Caucasian,120,65,3.53,45
Female,Caucasian,110,65,2.08,45
Female,Asian,110,65,2,45
Male,Caucasian,176,65,2.9,45
Female,Caucasian,180,65,2.76,46
Female,Caucasian,150,65,3.3,46
Female,Caucasian,130,65,3.38,46
Female,Caucasian,129,65,2.17,46
Female,Other,125,65,2.45,46
Female,Caucasian,120,65,2.75,46
Female,Caucasian,115,65,3.2,46
Female,Other,140,65,2.91,46
Male,Caucasian,165,65,3.09,46
Female,Caucasian,135,65,2.86,46
Female,Caucasian,135,65,2.85,46
Female,Caucasian,135,65,2.73,46
Female,Caucasian,120,65,2.8,46
Female,Caucasian,135,65,2.5,47
Female,Asian,134,65,2.09,47
Male,Caucasian,200,65,3.47,47
Male,Caucasian,165,65,3.96,47
Male,Caucasian,155,65,3.51,47
Female,Caucasian,150,65,2.61,48
Female,Other,150,65,2.4,48
Female,Caucasian,145,65,2.89,48
Female,Caucasian,135,65,3.5,48
Female,Caucasian,135,65,2.82,48
Female,Caucasian,130,65,3.88,48
Female,Caucasian,127,65,3.4,48
Female,Caucasian,125,65,3.56,48
Female,Caucasian,120,65,4,48
Female,Caucasian,137,65,3.54,48
Female,Caucasian,160,65,2,48
Female,Hispanic,135,65,3.4,48
Female,Caucasian,132,65,3.92,48
Female,Caucasian,127,65,3.16,48
Female,Caucasian,125,65,3.56,49
Female,Caucasian,125,65,3.3,49
Female,Caucasian,120,65,2.97,49
Female,Caucasian,125,65,4,49
Female,Asian,160,65,3.3,50
Female,Caucasian,140,65,3.26,50
Female,Caucasian,138,65,3.65,50
Female,Caucasian,135,65,2.74,50
Female,Caucasian,130,65,3.59,50
Female,Caucasian,130,65,3.52,50
Female,Caucasian,130,65,3,50
Female,Caucasian,120,65,2.93,50
Female,Caucasian,135,65,3.65,50
Male,Caucasian,160,65,2.89,50
Female,Caucasian,175,65,3.32,50
Female,Asian,135,65,3.3,50
Female,Caucasian,130,65,3.1,50
Female,Caucasian,130,65,3,50
Female,Hispanic,135,65,2.5,51
Male,Caucasian,185,65,3.11,51
Male,Caucasian,165,65,3.71,51
Male,Other,150,65,2.5,51
Male,Caucasian,155,65,3.07,51
Male,Caucasian,155,65,3.8,51
Female,Caucasian,155,65,2.83,52
Female,Caucasian,145,65,3.17,52
Female,Caucasian,145,65,2.9,52
Female,Caucasian,140,65,2.55,52
Female,Asian,140,65,2.5,52
Female,Caucasian,135,65,3.21,52
Female,Caucasian,125,65,3.8,52
Female,Caucasian,120,65,3.45,52
Female,Caucasian,145,65,3,52
Male,Asian,140,65,3.5,52
Female,Caucasian,150,65,3.79,52
Female,Hispanic,160,65,3.38,52
Female,Caucasian,147,65,3.45,52
Female,Caucasian,140,65,3.8,52
Female,Caucasian,140,65,2.7,53
Female,Caucasian,130,65,3.3,53
Female,Other,125,65,3.35,53
Female,Caucasian,125,65,2.18,53
Female,Caucasian,120,65,3.5,54
Female,Caucasian,120,65,2.6,54
Female,Caucasian,126,65,2.03,54
Female,Caucasian,150,66,2,54
Female,Caucasian,145,66,3.75,54
Female,Asian,140,66,3.45,54
Female,Caucasian,122,66,3.6,54
Male,Asian,150,66,3.78,54
Male,Caucasian,144,66,2.8,54
Male,Caucasian,120,66,2,54
Female,Caucasian,150,66,3.29,54
Female,Caucasian,135,66,3.58,54
Female,Caucasian,130,66,3.63,54
Female,Caucasian,130,66,3.4,54
Female,Caucasian,130,66,3.26,55
Female,Caucasian,130,66,3.2,55
Female,Caucasian,128,66,2.71,55
Female,Caucasian,125,66,2.94,55
Female,Asian,115,66,2.55,55
Female,Caucasian,145,66,2.95,56
Female,Hispanic,140,66,2.9,56
Female,Caucasian,135,66,2,56
Female,Caucasian,135,66,3.04,56
Female,Caucasian,135,66,2.8,56
Female,Caucasian,130,66,3.36,56
Female,Caucasian,130,66,2.6,56
Female,Caucasian,125,66,3,56
Female,Caucasian,122,66,3,56
Male,Other,117,66,2.88,56
Female,AfrAmer/Black,170,66,2.5,56
Female,Caucasian,160,66,2.7,56
Female,Caucasian,150,66,2.25,56
Female,Caucasian,145,66,2.4,57
Female,Caucasian,145,66,2.27,57
Female,Caucasian,131,66,2.64,57
Female,Caucasian,130,66,3.78,57
Female,Caucasian,130,66,2.94,57
Female,Caucasian,127,66,3.58,57
Female,Caucasian,125,66,3,57
Female,Caucasian,135,66,2.71,58
Female,Caucasian,135,66,3,58
Female,Caucasian,130,66,3.77,58
Female,Caucasian,130,66,3.45,58
Female,Caucasian,130,66,3.3,58
Female,Caucasian,139,66,2.9,58
Male,Caucasian,174,66,2.51,58
Male,Caucasian,165,66,3.4,58
Male,Caucasian,145,66,3.49,58
Male,Caucasian,140,66,3.8,58
Female,Caucasian,165,66,2.88,58
Female,Caucasian,165,66,2.4,58
Female,Caucasian,155,66,2.36,58
Female,Caucasian,140,66,2.43,59
Female,Hispanic,140,66,3,59
Female,Caucasian,135,66,3.87,59
Female,Caucasian,130,66,3.23,59
Female,Caucasian,120,66,2.77,59
Male,Caucasian,160,66,2.6,59
Male,Caucasian,140,66,3.1,59
Female,Caucasian,164,66,2.34,60
Female,Caucasian,167,66,3.58,60
Female,Caucasian,151,66,3.23,60
Female,Caucasian,135,66,2.8,60
Female,Caucasian,127,66,3.57,60
Female,Caucasian,125,66,3.79,60
Female,Caucasian,125,66,3.12,60
Female,Other,148,66,2.48,60
Male,AfrAmer/Black,135,66,3.35,60
Male,Caucasian,130,66,3.23,60
Female,Caucasian,160,66,3.79,60
Female,Caucasian,155,66,3.3,60
Female,Caucasian,150,66,3.26,60
Female,Caucasian,145,66,3.1,60
Female,Caucasian,140,66,3,61
Female,Caucasian,140,66,2.97,61
Female,Caucasian,129,66,2.76,61
Female,Asian,137,66,2.62,61
Female,Caucasian,125,66,3.33,61
Male,Caucasian,150,66,3.76,61
Female,AfrAmer/Black,170,66,2.7,62
Female,Caucasian,160,66,3.97,62
Female,AfrAmer/Black,157,66,1.93,62
Female,Caucasian,150,66,2.67,62
Female,Caucasian,145,66,3.21,62
Female,Caucasian,131,66,2.62,62
Female,Caucasian,127,66,2.63,62
Female,Caucasian,125,66,3.4,62
Female,Caucasian,120,66,2.1,62
Male,Caucasian,160,66,3.54,62
Female,Caucasian,170,66,3.05,62
Female,Caucasian,165,66,2.58,62
Female,Caucasian,127,66,2.77,62
Female,Caucasian,125,66,3.51,63
Female,Caucasian,138,66,2.8,63
Male,Caucasian,165,66,3.9,63
Male,Caucasian,160,66,3.24,63
Male,Caucasian,150,66,3.89,63
Male,Asian,140,66,3.67,63
Male,Asian,155,66,3.2,63
Female,Caucasian,175,66,3.48,64
Female,Caucasian,170,66,3.05,64
Female,Caucasian,155,66,3.2,64
Female,Caucasian,135,66,3.1,64
Female,Caucasian,130,66,2.7,64
Female,Caucasian,125,66,2.4,64
Female,Hispanic,120,66,2.55,64
Female,Caucasian,115,66,2.67,64
Female,Caucasian,115,66,3.08,64
Female,Caucasian,150,66,2.67,64
Female,Hispanic,150,66,2.22,64
Female,Caucasian,143,66,3.2,64
Female,Caucasian,140,66,2.63,64
Female,Caucasian,140,66,3.14,65
Female,Caucasian,130,66,2.24,65
Female,Caucasian,128,66,2.25,65
Female,Caucasian,125,66,3,65
Female,Caucasian,138,66,3.67,65
Male,Caucasian,154,67,3.9,65
Female,Caucasian,160,67,3.57,66
Female,Caucasian,155,67,2.41,66
Female,Caucasian,150,67,3.96,66
Female,Caucasian,150,67,3.67,66
Female,Caucasian,140,67,3.6,66
Female,Caucasian,135,67,3.2,66
Female,Caucasian,130,67,3.82,66
Female,Caucasian,130,67,3.8,66
Female,Caucasian,145,67,3.25,66
Male,Caucasian,138,67,3.1,66
Female,Caucasian,170,67,3.47,66
Female,Caucasian,155,67,3.7,66
Female,Caucasian,150,67,3.3,66
Female,Caucasian,150,67,2.7,66
Female,Caucasian,138,67,3.5,67
Female,Caucasian,136,67,2.5,67
Female,Caucasian,135,67,2.84,67
Female,Caucasian,130,67,2.8,67
Female,Caucasian,130,67,3.62,67
Male,AfrAmer/Black,120,67,2.5,67
Female,Caucasian,180,67,2.05,68
Female,Caucasian,150,67,3.32,68
Female,Caucasian,150,67,2.2,68
Female,Asian,145,67,3.2,68
Female,Caucasian,133,67,3.22,68
Female,Caucasian,130,67,2.8,68
Female,Caucasian,135,67,2.3,68
Male,Hispanic,170,67,3.67,68
Male,Caucasian,155,67,3.38,68
Female,Caucasian,155,67,2.3,68
Female,Caucasian,160,67,2.93,68
Female,Caucasian,145,67,2.89,68
Female,Caucasian,141,67,2.47,68
Female,Hispanic,140,67,3.25,69
Female,Caucasian,135,67,2.6,69
Female,Caucasian,134,67,2.7,69
Female,Caucasian,130,67,2.12,69
Female,Caucasian,130,67,2.35,69
Male,Caucasian,170,67,2.4,69
Female,Caucasian,190,67,3.24,70
Female,Caucasian,180,67,3.8,70
Female,Caucasian,160,67,3.77,70
Female,Caucasian,150,67,3.8,70
Female,Caucasian,142,67,2.41,70
Female,Caucasian,135,67,3,70
Female,Caucasian,127,67,3.2,70
Male,Caucasian,160,67,3.8,70
Male,Other,150,67,3.65,70
Male,Caucasian,145,67,2.88,70
Female,Caucasian,180,67,3.8,70
Female,Caucasian,160,67,2.49,70
Female,Caucasian,140,67,3.47,70
Female,Caucasian,130,67,3.5,71
Female,Caucasian,125,67,3.8,71
Female,Caucasian,125,67,3.4,71
Male,Caucasian,185,67,3.71,71
Male,Caucasian,154,67,3.27,71
Male,Asian,150,67,3.8,71
Female,Caucasian,147,67,3.2,72
Female,Caucasian,145,67,2.82,72
Female,Caucasian,144,67,3.69,72
Female,Caucasian,140,67,3.07,72
Female,Caucasian,135,67,3.39,72
Female,Caucasian,122,67,3.21,72
Female,Caucasian,136,67,3.2,72
Male,Caucasian,135,67,3.51,72
Female,Caucasian,175,67,3.59,72
Female,Caucasian,150,67,3.95,72
Female,AfrAmer/Black,150,67,3.96,72
Female,Caucasian,144,67,3.33,73
Female,Caucasian,142,67,3.89,73
Female,Caucasian,137,67,3.86,73
Female,Caucasian,137,67,3.7,73
Male,Caucasian,170,67,2.9,73
Male,Hispanic,165,67,3.07,73
Male,Other,145,67,2.84,73
Female,Caucasian,175,67,3.33,74
Female,Caucasian,165,67,3.51,74
Female,Caucasian,160,67,3.13,74
Female,AfrAmer/Black,130,67,2.75,74
Female,Caucasian,128,67,3.4,74
Female,Caucasian,120,67,3.3,74
Female,Caucasian,146,67,3.8,74
Male,Caucasian,170,67,2.19,74
Male,Asian,158,67,2.09,74
Male,Caucasian,150,67,2.74,74
Female,Caucasian,180,67,2.2,74
Female,Asian,145,67,3.6,74
Female,Asian,145,67,3.1,74
Female,Caucasian,137,67,3.12,74
Female,Caucasian,135,67,2.9,75
Female,Caucasian,138,67,2.98,75
Male,Caucasian,170,67,3.54,75
Male,Caucasian,165,67,3,75
Male,Asian,143,67,2.83,75
Male,Caucasian,160,67,3.65,75
Female,Caucasian,155,67,3.44,76
Female,Caucasian,140,67,3.93,76
Female,Caucasian,140,67,3.1,76
Female,Caucasian,127,67,3.57,76
Female,Caucasian,130,67,2.95,76
Male,Caucasian,180,67,3.58,76
Male,Asian,172,67,2.23,76
Male,Caucasian,160,67,2.72,76
Male,Asian,156,67,3.6,76
Male,Asian,152,67,3.6,76
Female,Caucasian,170,67,3,76
Female,Caucasian,150,67,3.65,76
Female,Caucasian,150,67,2.7,76
Female,Caucasian,145,67,3.44,77
Female,Caucasian,135,67,4,77
Female,Caucasian,128,67,3.23,77
Female,Caucasian,127,67,3.67,77
Male,Asian,180,67,2.88,77
Male,Caucasian,168,67,3.61,77
Male,Asian,155,67,3,77
Female,Caucasian,155,67,3.75,78
Female,Caucasian,145,67,3.31,78
Female,Caucasian,140,67,3.89,78
Female,Caucasian,135,67,3.65,78
Male,Caucasian,200,67,3.2,78
Male,Caucasian,170,67,3.3,78
Male,Hispanic,160,67,2.69,78
Male,Caucasian,155,67,3.5,78
Male,Caucasian,150,67,3.4,78
Male,Asian,142,67,3.2,78
Female,Caucasian,200,67,3.2,78
Female,Caucasian,150,67,3.71,78
Female,Caucasian,150,67,3.4,78
Female,Caucasian,142,67,3.18,78
Female,AfrAmer/Black,125,67,3.61,79
Male,Caucasian,142,67.5,3.64,79
Female,Caucasian,158,68,3.73,79
Female,Asian,130,68,3.4,79
Female,Asian,155,68,3.6,79
Male,Asian,150,68,3.9,79
Female,Caucasian,155,68,3.86,80
Female,Caucasian,150,68,3.29,80
Female,Caucasian,150,68,3.2,80
Female,Caucasian,140,68,3.75,80
Female,Caucasian,133,68,3.6,80
Female,Caucasian,130,68,3.78,80
Female,Caucasian,130,68,3.19,80
Female,Caucasian,120,68,3.3,80
Female,Caucasian,138,68,3.94,80
Male,Caucasian,163,68,3.42,80
Female,Caucasian,140,68,3.47,80
Female,Caucasian,135,68,3.25,80
Female,Caucasian,133,68,3.55,80
Female,Caucasian,130,68,2.3,80
Male,Caucasian,215,68,2.51,81
Male,Caucasian,200,68,3.2,81
Male,AfrAmer/Black,192,68,3.2,81
Male,Hispanic,180,68,3.3,81
Male,AfrAmer/Black,158,68,2.8,81
Female,Caucasian,190,68,2.98,82
Female,Caucasian,175,68,3.75,82
Female,Caucasian,155,68,3.73,82
Female,Caucasian,155,68,3.63,82
Female,Caucasian,155,68,3.4,82
Female,Caucasian,150,68,3,82
Female,Caucasian,140,68,2.93,82
Male,Other,180,68,3.8,82
Male,Caucasian,155,68,2.87,82
Male,Caucasian,150,68,1.92,82
Female,Caucasian,180,68,3.33,82
Female,Caucasian,155,68,3.39,82
Female,Hispanic,150,68,3.96,82
Female,Caucasian,134,68,3.5,82
Female,Caucasian,130,68,4,83
Female,Caucasian,145,68,3.8,83
Male,Caucasian,177,68,2.92,83
Male,Caucasian,170,68,3.55,83
Male,Caucasian,150,68,3.18,83
Male,Caucasian,165,68,3.3,83
Female,Other,135,68,3,84
Female,Caucasian,133,68,3.5,84
Female,Caucasian,130,68,2.8,84
Male,Caucasian,170,68,3.29,84
Male,Caucasian,170,68,2.5,84
Male,Caucasian,165,68,3.77,84
Male,Caucasian,165,68,2.89,84
Male,Caucasian,164,68,3.3,84
Male,Caucasian,165,68,3.2,84
Male,Caucasian,153,68,3.09,84
Female,Caucasian,160,68,3.33,84
Female,Caucasian,150,68,3.94,84
Female,Caucasian,142,68,3.18,84
Female,Other,135,68,3.52,85
Female,Other,135,68,2.63,85
Female,Caucasian,143,68,3.41,85
Female,Caucasian,130,68,3.11,85
Male,Caucasian,225,68,3.91,85
Male,Caucasian,165,68,2.5,85
Female,Caucasian,140,68,3.65,86
Female,Caucasian,138,68,3.5,86
Female,Caucasian,135,68,3.8,86
Female,Asian,135,68,1.95,86
Female,Caucasian,134,68,3.5,86
Male,Caucasian,180,68,3.14,86
Male,Caucasian,170,68,3.4,86
Male,Caucasian,165,68,3.55,86
Male,Caucasian,145,68,2.96,86
Female,Caucasian,157,68,3.84,86
Female,Caucasian,145,68,3.19,86
Female,Caucasian,142,68,3.2,86
Female,Caucasian,135,68,3.5,86
Male,Caucasian,165,68,2.5,87
Male,Caucasian,164,68,3,87
Male,Caucasian,155,68,3.37,87
Male,Other,135,68,3.18,87
Male,Caucasian,130,68,3.66,87
Male,Caucasian,130,68,3.61,87
Female,AfrAmer/Black,190,68,3.36,88
Female,Caucasian,180,68,3.37,88
Female,Caucasian,132,68,3.96,88
Female,Caucasian,132,68,2.75,88
Female,Caucasian,130,68,3.75,88
Female,Caucasian,142,68,3.97,88
Male,Caucasian,176,68,3.81,88
Male,Caucasian,168,68,3.84,88
Male,Caucasian,160,68,3,88
Male,Caucasian,150,68,3.84,88
Female,Caucasian,145,68,3.42,88
Female,Caucasian,145,68,2.88,88
Female,Caucasian,135,68,3.94,88
Female,Caucasian,134,68,3.8,88
Male,Caucasian,175,68,3.69,89
Male,Caucasian,165,68,3.78,89
Male,Caucasian,165,68,3.2,89
Male,Caucasian,142,68,4,89
Male,Asian,143,68,3.75,89
Male,Caucasian,153,68,2.6,89
Female,Caucasian,145,68,4,90
Female,Caucasian,175,69,4,90
Female,Caucasian,147,69,3.7,90
Female,Other,146,69,2.64,90
Female,Caucasian,135,69,3.5,90
Female,Caucasian,132,69,3.2,90
Male,Caucasian,185,69,3.2,90
Male,Caucasian,168,69,3.72,90
Male,Caucasian,145,69,3.44,90
Male,Caucasian,165,69,2.5,90
Female,Caucasian,150,69,3.62,90
Male,Caucasian,175,69,3.25,90
Male,Caucasian,180,69,3.16,90
Male,Caucasian,170,69,2.9,90
Male,Caucasian,170,69,2.01,91
Male,Caucasian,155,69,2.7,91
Male,Other,150,69,3.3,91
Male,Caucasian,145,69,3.82,91
Male,Caucasian,160,69,2.64,91
Male,Caucasian,165,69,3.64,91
Female,Caucasian,180,69,3.3,92
Female,Caucasian,150,69,3.9,92
Female,Caucasian,150,69,3.49,92
Female,Caucasian,145,69,3.3,92
Male,Caucasian,210,69,3.1,92
Male,Caucasian,182,69,3.12,92
Male,Caucasian,176,69,3.36,92
Male,Caucasian,165,69,3,92
Male,Asian,160,69,3.3,92
Male,Caucasian,160,69,3,92
Female,Caucasian,150,69,3.72,92
Female,Caucasian,150,69,3.55,92
Female,Caucasian,145,69,2.8,92
Female,Other,154,69,2,92
Female,Caucasian,135,69,3.88,93
Female,Caucasian,142,69,3.41,93
Male,Caucasian,180,69,3.51,93
Male,Caucasian,170,69,3.4,93
Male,Caucasian,160,69,3,93
Male,Caucasian,158,69,3.98,93
Female,Caucasian,160,69,3.44,94
Male,Caucasian,185,69,3.66,94
Male,Caucasian,190,69,2.8,94
Male,Other,180,69,3,94
Male,Caucasian,175,69,3,94
Male,Caucasian,166,69,2.97,94
Male,Caucasian,162,69,3.7,94
Male,Caucasian,160,69,3.8,94
Male,Caucasian,155,69,2.69,94
Male,Caucasian,165,69,3.23,94
Female,Caucasian,150,69,2.9,94
Male,Caucasian,205,69,2.57,94
Male,Caucasian,185,69,3.78,94
Male,Caucasian,175,69,2.51,94
Male,Caucasian,166,69,2.9,95
Male,Caucasian,165,69,3.3,95
Male,Asian,150,69,3,95
Male,Caucasian,155,69,3.75,95
Male,Caucasian,148,69,3.06,95
Male,Asian,158,69,3.53,95
Female,Caucasian,155,69,3.8,96
Female,AfrAmer/Black,145,69,2.36,96
Male,Caucasian,186,69,2.3,96
Male,Caucasian,175,69,3.41,96
Male,Caucasian,155,69,3.3,96
Male,Caucasian,160,69,4,96
Male,Caucasian,150,69,3.75,96
Male,Caucasian,150,69,3.38,96
Male,Caucasian,150,69,3.12,96
Female,Caucasian,155,69,3.75,96
Female,Caucasian,150,69,2.95,96
Female,Caucasian,143,69,3.43,96
Female,Caucasian,143,69,3.86,96
Male,Caucasian,185,69,2.02,97
Male,Caucasian,170,69,2.84,97
Male,Caucasian,160,69,3.5,97
Male,Caucasian,150,69,2.91,97
Male,Caucasian,155,69,3.35,97
Male,AfrAmer/Black,188,69,2.2,97
Female,Caucasian,180,69,3.73,98
Female,Caucasian,170,69,3.4,98
Male,Caucasian,220,69,2.7,98
Male,Caucasian,188,69,3.23,98
Male,Caucasian,165,69,3.19,98
Male,Caucasian,150,69,3.75,98
Male,Caucasian,150,69,2.7,98
Male,Caucasian,147,69,2.45,98
Male,Caucasian,145,69,3.5,98
Male,Caucasian,145,69,3,98
Female,Caucasian,165,69,2.6,98
Female,Caucasian,140,69,3.5,98
Female,Caucasian,140,69,3.4,98
Female,Caucasian,147,69,3.1,98
Male,Caucasian,175,69,3.43,99
Male,Hispanic,175,69,2.87,99
Male,Caucasian,165,69,3.82,99
Male,Caucasian,155,69,3.52,99
Male,Caucasian,178,69,2.89,99
Male,Caucasian,160,69,3.88,99
Female,Caucasian,200,69,3,100
Female,Caucasian,160,69,3.17,100
Female,Caucasian,150,69,3.5,100
Female,Caucasian,145,69,3.73,100
Female,Asian,138,69,3.3,100
Male,Caucasian,168,69,3,100
Male,Caucasian,165,69,3.42,100
Male,AfrAmer/Black,165,69,2.87,100
Male,Caucasian,150,69.2,1.93,100
Male,Caucasian,160,69.5,3.37,100
Female,Caucasian,175,70,3.69,100
Female,Caucasian,155,70,3.5,100
Male,Caucasian,215,70,2.9,100
Male,Caucasian,210,70,2.8,100
Male,Caucasian,160,70,2.64,101
Male,Asian,150,70,2.9,101
Male,Caucasian,140,70,3.81,101
Male,Caucasian,155,70,2.94,101
Female,Caucasian,145,70,3.6,102
Female,Caucasian,142,70,3.89,102
Male,Caucasian,180,70,2.67,102
Male,Caucasian,175,70,1.83,102
Male,Hispanic,170,70,2.52,102
Male,Caucasian,165,70,3.53,102
Male,AfrAmer/Black,161,70,2.88,102
Male,Caucasian,160,70,3.52,102
Male,Caucasian,150,70,3.1,102
Male,Caucasian,147,70,3.3,102
Female,Caucasian,180,70,3.1,102
Female,Caucasian,162,70,3,102
Female,Caucasian,145,70,3.61,102
Male,Caucasian,190,70,2.85,103
Male,Caucasian,210,70,2.4,103
Male,Caucasian,175,70,2.5,103
Male,Caucasian,170,70,3.92,103
Male,Caucasian,163,70,3,103
Male,Caucasian,160,70,3.61,103
Male,Caucasian,150,70,3.25,103
Male,Caucasian,195,70,3.8,104
Male,Caucasian,180,70,3.78,104
Male,Caucasian,180,70,3.64,104
Male,Caucasian,180,70,3.55,104
Male,Caucasian,180,70,2.6,104
Male,Caucasian,170,70,3.88,104
Male,Caucasian,170,70,2.5,104
Male,Caucasian,160,70,3.45,104
Male,Caucasian,155,70,3.34,104
Male,Caucasian,150,70,3.2,104
Female,Other,150,70,3.63,104
Male,Caucasian,195,70,2.88,104
Male,Caucasian,175,70,3,104
Male,Asian,170,70,3.2,105
Male,Caucasian,170,70,2.8,105
Male,Caucasian,165,70,3.92,105
Male,Caucasian,160,70,3,105
Male,Caucasian,155,70,3.68,105
Male,Caucasian,150,70,3.61,105
Male,Caucasian,165,70,3.6,105
Female,Caucasian,152,70,3.4,106
Male,Caucasian,190,70,3,106
Male,Caucasian,180,70,3.53,106
Male,Asian,170,70,3.34,106
Male,Caucasian,170,70,3.2,106
Male,Asian,165,70,3.3,106
Male,Caucasian,165,70,2.7,106
Male,Caucasian,155,70,3.86,106
Male,Caucasian,165,70,3.86,106
Male,Caucasian,180,70,3.7,106
Male,Caucasian,200,70,3.5,106
Male,Caucasian,210,70,3.55,106
Male,Caucasian,210,70,1.86,106
Male,Caucasian,185,70,2.9,106
Male,Caucasian,183,70,2.98,107
Male,AfrAmer/Black,180,70,2.73,107
Male,Caucasian,170,70,3.35,107
Male,Caucasian,170,70,2.61,107
Male,Caucasian,165,70,2.7,107
Male,Caucasian,165,70,3.02,107
Female,Caucasian,155,70,3.72,108
Male,Caucasian,200,70,2.45,108
Male,Caucasian,190,70,2.8,108
Male,Other,174,70,3.56,108
Male,Asian,165,70,3.98,108
Male,Caucasian,165,70,3.6,108
Male,Caucasian,165,70,3.55,108
Male,Caucasian,152,70,3.4,108
Male,Caucasian,150,70,2.8,108
Male,Caucasian,180,70,2,108
Female,Caucasian,140,70,3.62,108
Female,Caucasian,155,70,3.5,108
Male,Caucasian,195,70,2.8,108
Male,Caucasian,190,70,2.85,109
Male,Caucasian,175,70,3.8,109
Male,Asian,170,70,3.8,109
Male,Caucasian,155,70,2.1,109
Male,Caucasian,150,70,2.7,109
Male,Caucasian,166,70,3.29,109
Male,Caucasian,185,70,3.5,109
Female,AfrAmer/Black,158,70,2.46,110
Female,Caucasian,146,70,2.9,110
Female,Caucasian,145,70,3.78,110
Female,Caucasian,156,70,3.18,110
Male,Caucasian,205,70,2.7,110
Male,Caucasian,175,70,2.74,110
Male,Caucasian,165,70,2.89,110
Male,Caucasian,155,70,2.94,110
Male,Other,155,70,3.3,110
Male,Caucasian,160,70,3,110
Female,Caucasian,142,70,3.73,110
Male,Caucasian,170,70,2.53,110
Male,Caucasian,170,70,2.12,110
Male,Caucasian,165,70,3.39,110
Male,*,165,70,2.4,111
Male,Caucasian,156,70,3.31,111
Male,Caucasian,155,70,3.47,111
Male,Caucasian,155,70,3.09,111
Male,Caucasian,150,70,3.39,111
Male,Caucasian,165,70,3.4,111
Male,Hispanic,245,70,3.75,112
Male,Caucasian,180,70,3.63,112
Male,Caucasian,180,70,3.38,112
Male,Asian,180,70,1.97,112
Male,Caucasian,175,70,3.46,112
Male,Caucasian,168,70,3.65,112
Male,Caucasian,160,70,2.2,112
Male,Caucasian,150,70,3.06,112
Male,Caucasian,150,70,2.6,112
Male,Caucasian,175,70,3.25,112
Female,Caucasian,155,70,3.22,112
Male,Other,190,70,3.74,112
Male,Caucasian,185,70,3.21,112
Male,Caucasian,170,70,3.4,112
Male,Caucasian,165,70,2.22,113
Male,Caucasian,155,70,3.5,113
Male,Caucasian,160,70,3.68,113
Male,Caucasian,175,70,3.6,113
Male,Caucasian,190,70,3.44,113
Male,Caucasian,185,70,2.8,113
Female,Caucasian,155,70,3.66,114
Female,Caucasian,165,70,3.28,114
Male,Caucasian,205,70,2.6,114
Male,Caucasian,200,70,2.9,114
Male,Caucasian,186,70,3.48,114
Male,Caucasian,185,70,3.02,114
Male,Other,167,70,2.83,114
Male,Caucasian,165,70,3.21,114
Male,Caucasian,197,70,3.79,114
Female,Caucasian,150,70,3.03,114
Male,Caucasian,165,70,2.93,114
Male,Hispanic,185,70.5,2.6,114
Male,Caucasian,190,71,3.1,115
Male,Caucasian,190,71,2.52,115
Male,Caucasian,185,71,2.5,115
Male,Caucasian,180,71,3.6,115
Male,Caucasian,175,71,3.36,115
Male,Caucasian,170,71,3.63,115
Male,Caucasian,165,71,3.49,115
Female,Caucasian,180,71,2.94,116
Female,Caucasian,162,71,3.9,116
Male,Caucasian,185,71,3.27,116
Male,Caucasian,180,71,2.89,116
Male,Caucasian,170,71,3,116
Male,Caucasian,165,71,3.22,116
Male,Caucasian,165,71,3.2,116
Male,Caucasian,160,71,3.91,116
Male,Caucasian,195,71,3,116
Male,Caucasian,190,71,2.54,116
Female,Caucasian,180,71,2.7,116
Male,Caucasian,245,71,2.49,116
Male,Caucasian,190,71,3.5,116
Male,AfrAmer/Black,185,71,3.53,117
Male,Caucasian,183,71,3.33,117
Male,Caucasian,180,71,3.29,117
Male,Caucasian,187,71,2.59,117
Male,Caucasian,175,71,3.31,117
Male,Caucasian,169,71,3.02,117
Male,Caucasian,225,71,2,118
Male,Caucasian,215,71,2.5,118
Male,Caucasian,200,71,3.61,118
Male,Caucasian,192,71,3.33,118
Male,Caucasian,185,71,3.03,118
Male,Caucasian,180,71,3.1,118
Male,Caucasian,170,71,3.44,118
Male,Caucasian,170,71,3.23,118
Male,Caucasian,165,71,3.1,118
Male,Caucasian,185,71,2.48,118
Male,Caucasian,195,71,3.3,118
Male,Caucasian,185,71,3,118
Male,Caucasian,175,71,3.45,118
Male,Caucasian,170,71,3.81,119
Male,Caucasian,167,71,3.58,119
Male,Caucasian,165,71,3,119
Male,Caucasian,160,71,3.93,119
Male,Caucasian,160,71,3.77,119
Male,Caucasian,160,71,3.4,119
Male,Caucasian,195,71,3.72,119
Female,Caucasian,170,71,3.2,120
Male,Caucasian,200,71,3.5,120
Male,AfrAmer/Black,200,71,3.76,120
Male,Caucasian,175,71,3.75,120
Male,Caucasian,175,71,3.35,120
Male,Caucasian,174,71,3.87,120
Male,Caucasian,170,71,2.87,120
Male,Other,170,71,3.3,120
Male,Caucasian,155,71,3.32,120
Male,Caucasian,175,71,3.39,120
Male,Caucasian,215,71,3.94,120
Male,Caucasian,210,71,3.87,120
Male,Caucasian,195,71,3.2,120
Male,Other,190,71,2.75,120
Male,Caucasian,185,71,3.1,121
Male,Caucasian,183,71,2,121
Male,Asian,178,71,2.75,121
Male,Caucasian,170,71,4,121
Male,Caucasian,166,71,1.86,121
Male,Caucasian,185,71,2.45,121
Male,Caucasian,240,71,3.12,122
Male,Caucasian,215,71,2.6,122
Male,Caucasian,195,71,2.64,122
Male,Caucasian,175,71,2.65,122
Male,Caucasian,170,71,3,122
Male,Caucasian,170,71,3,122
Male,Caucasian,185,71,3.39,122
Male,Caucasian,175,71,3.17,122
Male,Asian,164,71,2.4,122
Male,Caucasian,235,71,3.02,122
Male,Caucasian,250,71,2.72,122
Male,Caucasian,185,71,3.45,122
Male,Caucasian,185,71,2.7,122
Male,Caucasian,180,71,3,123
Male,Caucasian,165,71,3.7,123
Male,Caucasian,160,71,3.61,123
Male,Caucasian,160,71,2.8,123
Male,Caucasian,195,71,3.2,123
Male,Caucasian,189,71,3.97,123
Male,Caucasian,184,71,2.67,123
Male,Caucasian,205,71,3.31,124
Male,Caucasian,195,71,3.6,124
Male,Caucasian,190,71,3,124
Male,Caucasian,175,71,3,124
Male,Caucasian,160,71,3,124
Male,Caucasian,165,71,3.5,124
Male,Caucasian,175,71,3.5,124
Male,Caucasian,177,71,2.6,124
Male,Caucasian,183,71,3.67,124
Male,Caucasian,190,71,2.4,124
Male,Caucasian,165,71,2.52,124
Male,Caucasian,160,71,3.31,124
Female,Other,170,72,3.95,124
Male,Caucasian,190,72,3.49,124
Male,Caucasian,180,72,3.96,125
Male,Caucasian,175,72,3.1,125
Male,Caucasian,170,72,3.85,125
Male,Other,167,72,3.21,125
Male,Asian,160,72,3.2,125
Male,Caucasian,168,72,3.5,125
Female,Caucasian,180,72,3.67,126
Male,Caucasian,220,72,3.6,126
Male,Caucasian,200,72,3,126
Male,Other,186,72,3.3,126
Male,Caucasian,180,72,3.5,126
Male,Caucasian,180,72,2.9,126
Male,Caucasian,170,72,3.5,126
Male,Caucasian,160,72,3.1,126
Male,Caucasian,175,72,2.51,126
Male,Asian,165,72,2.98,126
Male,Caucasian,220,72,4,126
Male,Asian,210,72,2.4,126
Male,Caucasian,240,72,3.22,126
Male,Caucasian,225,72,3.32,126
Male,Caucasian,186,72,2.78,127
Male,Caucasian,185,72,3.46,127
Male,Other,180,72,3.52,127
Male,Caucasian,175,72,3,127
Male,Caucasian,165,72,3.2,127
Male,Caucasian,178,72,3.45,127
Female,Caucasian,165,72,3.29,128
Male,Caucasian,210,72,3.01,128
Male,Caucasian,185,72,2.7,128
Male,Caucasian,185,72,2,128
Male,Caucasian,185,72,1.83,128
Male,Caucasian,180,72,3.3,128
Male,Caucasian,177,72,3.24,128
Male,Caucasian,175,72,2.98,128
Male,Caucasian,165,72,2.5,128
Male,Caucasian,175,72,2.8,128
Female,Caucasian,155,72,3.67,128
Male,Other,215,72,2.5,128
Male,Caucasian,185,72,3,128
Male,Caucasian,180,72,3.94,129
Male,Caucasian,170,72,3.4,129
Male,Caucasian,165,72,3.75,129
Male,Caucasian,160,72,3.96,129
Male,Hispanic,176,72,2.6,129
Male,Caucasian,172,72,3.33,129
Male,Caucasian,175,72,2.98,129
Male,Caucasian,215,72,3.52,130
Male,Caucasian,210,72,2.89,130
Male,Caucasian,200,72,2.15,130
Male,Caucasian,185,72,3.2,130
Male,Caucasian,185,72,2.8,130
Male,Caucasian,180,72,3.2,130
Male,Caucasian,180,72,3.15,130
Male,Caucasian,180,72,2.16,130
Male,Caucasian,170,72,2.59,130
Male,Caucasian,185,72,2.7,130
Male,Caucasian,260,72,2.92,130
Male,Caucasian,230,72,1.8,130
Male,Caucasian,210,72,2.8,130
Male,Caucasian,193,72,2.7,130
Male,Caucasian,190,72,3.03,131
Male,Hispanic,180,72,2.33,131
Male,Caucasian,165,72,3.6,131
Male,Caucasian,165,72,3.58,131
Male,Caucasian,175,72,3.56,131
Male,Asian,170,72,3.49,131
Male,Caucasian,220,72,2.89,132
Male,Caucasian,200,72,3.14,132
Male,Caucasian,185,72,3.55,132
Male,Caucasian,183,72,3.51,132
Male,Caucasian,180,72,3.8,132
Male,Caucasian,180,72,3,132
Male,Caucasian,176,72,2,132
Male,Caucasian,172,72,2.56,132
Male,Caucasian,178,72,3.28,132
Male,Caucasian,175,72,3.2,132
Male,Caucasian,225,72,3.05,132
Male,Caucasian,200,72,3.81,132
Male,Caucasian,185,72,3.58,132
Male,Caucasian,180,72,3.2,132
Male,Caucasian,180,72,2.83,133
Male,Caucasian,175,72,3.52,133
Male,Caucasian,172,72,3.69,133
Male,Caucasian,165,72,3.44,133
Male,Asian,174,72,2.89,133
Male,Caucasian,164,72,2.7,133
Male,Asian,260,72,2.81,134
Male,Caucasian,230,72,2.44,134
Male,Caucasian,205,72,2.77,134
Male,Caucasian,175,72,3.45,134
Male,Caucasian,170,72,3,134
Male,Caucasian,165,72,4,134
Male,Caucasian,160,72,3.6,134
Male,Caucasian,175,72,3.59,134
Male,Caucasian,177,72,3.4,134
Male,Caucasian,184,72,3.63,134
Male,Caucasian,180,72,3.43,134
Male,Caucasian,175,72,2.7,134
Male,AfrAmer/Black,170,72,3.74,134
Male,Caucasian,170,72,3.7,134
Male,Caucasian,170,72,3.29,134
Male,Caucasian,170,72,3,135
Male,AfrAmer/Black,165,72,2.5,135
Male,Caucasian,185,72,2.65,135
Male,Caucasian,183,72,3.04,135
Male,Caucasian,175,72,3.3,136
Male,Caucasian,185,72.5,2.5,136
Male,Caucasian,210,73,3.44,136
Male,Caucasian,195,73,2.98,136
Male,Caucasian,190,73,3.45,136
Male,Caucasian,185,73,3.59,136
Male,Caucasian,180,73,2.7,136
Male,Caucasian,175,73,3,136
Male,Caucasian,175,73,3.59,136
Male,Caucasian,183,73,3.55,136
Male,Caucasian,245,73,3.7,136
Male,Caucasian,225,73,3.2,136
Male,Caucasian,221,73,3.5,136
Male,Caucasian,215,73,2.8,136
Male,Caucasian,195,73,2.02,137
Male,Caucasian,177,73,2.42,137
Male,Caucasian,170,73,3.72,137
Male,Caucasian,165,73,3.47,137
Male,Caucasian,195,73,3.17,137
Male,Caucasian,250,73,3,138
Male,Caucasian,245,73,3.1,138
Male,Caucasian,194,73,2.47,138
Male,Caucasian,190,73,3.86,138
Male,Caucasian,190,73,3,138
Male,Caucasian,185,73,2.46,138
Male,Asian,181,73,3.51,138
Male,Caucasian,178,73,3.93,138
Male,Caucasian,170,73,3.1,138
Male,Caucasian,175,73,3.2,138
Male,Other,218,73,3.11,138
Male,Caucasian,210,73,2.8,138
Male,Caucasian,190,73,2,138
Male,Caucasian,180,73,3.7,139
Male,Caucasian,175,73,1.8,139
Male,Asian,165,73,3.47,139
Male,Caucasian,165,73,2.91,139
Male,Caucasian,160,73,3.38,139
Male,Caucasian,175,73,3.41,139
Male,Caucasian,185,73,3.16,139
Male,Caucasian,270,73,2.9,140
Male,Caucasian,240,73,2.9,140
Male,Caucasian,220,73,3.48,140
Male,Caucasian,220,73,2.91,140
Male,Caucasian,210,73,2.8,140
Male,Caucasian,200,73,3.82,140
Male,Caucasian,170,73,3.2,140
Male,Caucasian,165,73,2.5,140
Male,Caucasian,160,73,3.1,140
Male,Caucasian,195,73,2.55,140
Male,Caucasian,230,73,3.84,140
Male,Hispanic,215,73,2.88,140
Male,Caucasian,210,73,2.8,140
Male,Caucasian,205,73,2.2,140
Male,Caucasian,175,73,3.71,141
Male,Caucasian,175,73,3,141
Male,Caucasian,175,73,2.57,141
Male,Caucasian,175,73,2.55,141
Male,Caucasian,172,73,3.7,141
Male,Caucasian,185,73,3.7,141
Male,Caucasian,230,73,1.93,142
Male,Caucasian,215,73,3.57,142
Male,Caucasian,210,73,3.81,142
Male,Hispanic,175,73,3.24,142
Male,Caucasian,170,73,3.91,142
Male,Caucasian,175,73,3.87,142
Male,Caucasian,210,74,2.7,142
Male,Caucasian,180,74,2.57,142
Male,Caucasian,175,74,2.94,142
Male,AfrAmer/Black,242,74,2.5,142
Male,Caucasian,230,74,2.5,142
Male,Caucasian,220,74,3.62,142
Male,Caucasian,205,74,2.82,142
Male,Caucasian,200,74,3.88,142
Male,Caucasian,190,74,3.5,142
Male,Caucasian,185,74,2,143
Male,Caucasian,170,74,3.34,143
Male,Caucasian,165,74,2,143
Male,Caucasian,230,74,2.8,144
Male,Caucasian,220,74,2.96,144
Male,Caucasian,185,74,3.56,144
Male,Caucasian,175,74,3.18,144
Male,Caucasian,170,74,3.6,144
Male,Caucasian,170,74,3.45,144
Male,Caucasian,170,74,3.35,144
Male,Caucasian,165,74,3.67,144
Male,Caucasian,160,74,3.93,144
Male,Caucasian,188,74,2,144
Male,Other,215,74,3.32,145
Male,Caucasian,210,74,3.37,145
Male,Caucasian,200,74,3.77,145
Male,Caucasian,200,74,3,145
Male,Caucasian,198,74,3.29,145
Male,Caucasian,194,74,2.52,145
Male,Caucasian,178,74,2.9,145
Male,Caucasian,185,74,3.5,145
Male,Caucasian,165,74,3.28,145
Male,Caucasian,175,74,3.39,145
Male,Caucasian,225,74,2.81,145
Male,Caucasian,220,74,3.23,145
Male,Caucasian,220,74,3.04,145
Male,Caucasian,215,74,3.38,146
Male,Caucasian,185,74,3.28,146
Male,Caucasian,180,74,3.97,146
Male,Caucasian,180,74,3.33,146
Male,Caucasian,175,74,3.12,146
Male,Caucasian,165,74,3.33,146
Male,Caucasian,195,74,3.78,146
Male,AfrAmer/Black,238,74,2.5,147
Male,Caucasian,230,74,2.4,147
Male,Caucasian,215,74,3.6,147
Male,Caucasian,205,74,4,147
Male,Caucasian,205,74,2.95,147
Male,Caucasian,195,74,3.08,147
Male,Caucasian,190,74,2,147
Male,Caucasian,184,74,3.4,147
Male,Caucasian,180,74,3.57,147
Male,Caucasian,180,74,2.94,147
Male,Caucasian,285,74,3.24,147
Male,Caucasian,210,74,2.61,147
Male,Caucasian,200,74,2.5,147
Male,Caucasian,178,74,2.6,147
Male,Caucasian,195,74,3.57,148
Male,Caucasian,210,75,3.15,148
Male,Caucasian,210,75,2.85,148
Male,Caucasian,195,75,3,148
Male,Caucasian,175,75,2.65,148
Male,Caucasian,250,75,3.2,149
Male,Caucasian,245,75,2.74,149
Male,Caucasian,230,75,2.3,149
Male,Caucasian,212,75,3.35,149
Male,Caucasian,200,75,3.61,149
Male,Caucasian,200,75,2.7,149
Male,Caucasian,200,75,2.46,149
Male,Caucasian,180,75,3.85,149
Male,Asian,170,75,2.21,149
Male,Caucasian,187,75,2.72,149
Male,Caucasian,225,75,2.8,150
Male,Caucasian,210,75,3.63,150
Male,Caucasian,208,75,2.9,150
Male,Caucasian,206,75,3.5,150
Male,Caucasian,200,75,2.85,150
Male,Caucasian,190,75,3.45,150
Male,Caucasian,190,75,2.7,150
Male,Hispanic,187,75,3.01,150
Male,Caucasian,185,75,3.57,150
Male,Caucasian,175,75,2,150
Male,Caucasian,230,75,3.2,150
Male,Caucasian,220,75,2.8,150
Male,Other,210,75,3.76,150
Male,Caucasian,210,75,2.8,151
Male,Caucasian,193,75,2.95,151
Male,Caucasian,185,75,3.14,151
Male,Caucasian,180,75,3.27,151
Male,Caucasian,176,75,3.7,151
Male,Caucasian,175,75,3.52,151
Male,Caucasian,165,75,2.89,151
Male,Caucasian,230,75,3.6,152
Male,Caucasian,222,75,3.38,152
Male,Caucasian,200,75,2.97,152
Male,Caucasian,175,75,3.02,152
Male,Caucasian,230,76,3.09,152
Male,Caucasian,255,76,3.45,152
Male,Caucasian,255,76,3.3,152
Male,Caucasian,215,76,3.3,152
Male,Caucasian,165,76,3.81,152
Male,Caucasian,165,76,3.48,152
Male,Caucasian,200,76,3.6,153
Male,Caucasian,200,76,2.6,153
Male,Caucasian,195,76,3.8,153
Male,Caucasian,195,76,3.2,153
Male,Caucasian,190,76,2.5,153
Male,Caucasian,185,76,3.5,153
Male,Caucasian,170,76,3,153
Male,Asian,187,76,3.2,153
Male,Caucasian,220,77,2.95,153
Male,Caucasian,205,77,3.39,153
Female,Other,222,77,3.5,154
Male,Caucasian,225,77,3.57,154
Male,Caucasian,200,77,3,154
Male,Caucasian,188,79,3.75,154
Male,Caucasian,186,79,2.99,154
